{"cameraMode":{"drawMode":0,"name":"Shaded","section":"Shading Mode"},"sceneLighting":true,"audioPlay":false,"sceneViewState":{"m_AlwaysRefresh":false,"showFog":true,"showSkybox":true,"showFlares":true,"showImageEffects":true,"showParticleSystems":true,"showVisualEffectGraphs":true,"m_FxEnabled":true},"in2DMode":false,"pivot":{"x":-12.653233528137207,"y":-1.0808138847351075,"z":0.2671135663986206},"rotation":{"x":-0.22037771344184876,"y":-0.030137458816170694,"z":0.00681234011426568,"w":-0.9749255180358887},"size":4.968087196350098,"orthographic":false}